[
  {
    "era": "era1",
    "norad_id": 6,
    "equatorial_phase": [
      -65.83584486358963,
      -65.77778913047537
    ],
    "timestamp": [
      "2025-11-07 04:54:00",
      "2025-11-07 04:54:14"
    ],
    "deviation_score": 0.834606698454211
  },
  {
    "era": "era1",
    "norad_id": 6,
    "equatorial_phase": [
      -55.8978204166316,
      -55.811223674559685
    ],
    "timestamp": [
      "2025-11-07 05:34:07",
      "2025-11-07 05:34:28"
    ],
    "deviation_score": 0.8498078201824703
  },
  {
    "era": "era1",
    "norad_id": 6,
    "equatorial_phase": [
      -46.56809585939588,
      -46.5190107562666
    ],
    "timestamp": [
      "2025-11-07 06:11:47",
      "2025-11-07 06:11:59"
    ],
    "deviation_score": 0.8429408982094337
  },
  {
    "era": "era1",
    "norad_id": 6,
    "equatorial_phase": [
      -26.74219385778054,
      -26.336522969889245
    ],
    "timestamp": [
      "2025-11-07 07:31:51",
      "2025-11-07 07:33:29"
    ],
    "deviation_score": 0.9188247464277711
  },
  {
    "era": "era1",
    "norad_id": 6,
    "equatorial_phase": [
      -22.50034401368788,
      -22.387303460923636
    ],
    "timestamp": [
      "2025-11-07 07:48:59",
      "2025-11-07 07:49:27"
    ],
    "deviation_score": 0.8826719293190775
  },
  {
    "era": "era1",
    "norad_id": 6,
    "equatorial_phase": [
      -12.330854654613312,
      -12.022355112204608
    ],
    "timestamp": [
      "2025-11-07 08:30:04",
      "2025-11-07 08:31:19"
    ],
    "deviation_score": 0.8814649655863396
  },
  {
    "era": "era1",
    "norad_id": 16,
    "equatorial_phase": [
      24.66303632467186,
      24.978886507037306
    ],
    "timestamp": [
      "2025-11-07 03:32:00",
      "2025-11-07 03:33:17"
    ],
    "deviation_score": 0.9892929812280687
  },
  {
    "era": "era1",
    "norad_id": 16,
    "equatorial_phase": [
      30.023679196725634,
      39.70600942573028
    ],
    "timestamp": [
      "2025-11-07 03:53:43",
      "2025-11-07 04:32:56"
    ],
    "deviation_score": 0.9592109530890263
  },
  {
    "era": "era1",
    "norad_id": 16,
    "equatorial_phase": [
      39.75463898820105,
      43.952653569968525
    ],
    "timestamp": [
      "2025-11-07 04:33:08",
      "2025-11-07 04:50:08"
    ],
    "deviation_score": 0.8506152293752125
  },
  {
    "era": "era1",
    "norad_id": 16,
    "equatorial_phase": [
      76.7388889882523,
      76.81135712730531
    ],
    "timestamp": [
      "2025-11-07 07:02:53",
      "2025-11-07 07:03:11"
    ],
    "deviation_score": 0.8854365099625608
  },
  {
    "era": "era1",
    "norad_id": 16,
    "equatorial_phase": [
      91.0912434892516,
      91.945757415681
    ],
    "timestamp": [
      "2025-11-07 08:00:59",
      "2025-11-07 08:04:26"
    ],
    "deviation_score": 0.9875296679028448
  },
  {
    "era": "era1",
    "norad_id": 18,
    "equatorial_phase": [
      -59.22351871300209,
      -59.12517099102717
    ],
    "timestamp": [
      "2025-11-07 08:13:03",
      "2025-11-07 08:13:27"
    ],
    "deviation_score": 0.9894573006611622
  },
  {
    "era": "era1",
    "norad_id": 18,
    "equatorial_phase": [
      -59.07605888178514,
      -58.804897955374
    ],
    "timestamp": [
      "2025-11-07 08:13:38",
      "2025-11-07 08:14:44"
    ],
    "deviation_score": 0.9698527303707069
  },
  {
    "era": "era1",
    "norad_id": 18,
    "equatorial_phase": [
      -58.55885860965273,
      -52.33319542704762
    ],
    "timestamp": [
      "2025-11-07 08:15:43",
      "2025-11-07 08:40:37"
    ],
    "deviation_score": 0.9534780237331466
  },
  {
    "era": "era1",
    "norad_id": 18,
    "equatorial_phase": [
      -52.16968367192811,
      -52.08843628548999
    ],
    "timestamp": [
      "2025-11-07 08:41:16",
      "2025-11-07 08:41:35"
    ],
    "deviation_score": 0.9095435564327278
  },
  {
    "era": "era1",
    "norad_id": 24,
    "equatorial_phase": [
      89.37137957742904,
      90.95040452260218
    ],
    "timestamp": [
      "2025-11-07 03:27:43",
      "2025-11-07 03:34:01"
    ],
    "deviation_score": 0.8915473842327364
  },
  {
    "era": "era1",
    "norad_id": 24,
    "equatorial_phase": [
      91.1326428403671,
      91.18446351627304
    ],
    "timestamp": [
      "2025-11-07 03:34:45",
      "2025-11-07 03:34:57"
    ],
    "deviation_score": 0.8508844508412088
  },
  {
    "era": "era1",
    "norad_id": 24,
    "equatorial_phase": [
      91.98692181418788,
      92.03851336151313
    ],
    "timestamp": [
      "2025-11-07 03:38:10",
      "2025-11-07 03:38:22"
    ],
    "deviation_score": 0.8490331372646309
  },
  {
    "era": "era1",
    "norad_id": 24,
    "equatorial_phase": [
      94.44715087670336,
      94.49914616649434
    ],
    "timestamp": [
      "2025-11-07 03:47:59",
      "2025-11-07 03:48:11"
    ],
    "deviation_score": 0.87514452514312
  },
  {
    "era": "era1",
    "norad_id": 24,
    "equatorial_phase": [
      94.55101521403893,
      94.60281717234176
    ],
    "timestamp": [
      "2025-11-07 03:48:24",
      "2025-11-07 03:48:36"
    ],
    "deviation_score": 0.8452650751317241
  },
  {
    "era": "era1",
    "norad_id": 24,
    "equatorial_phase": [
      95.30107315931777,
      95.40439836295398
    ],
    "timestamp": [
      "2025-11-07 03:51:23",
      "2025-11-07 03:51:48"
    ],
    "deviation_score": 0.8620546950176605
  },
  {
    "era": "era1",
    "norad_id": 24,
    "equatorial_phase": [
      95.5083989177024,
      95.5860985071698
    ],
    "timestamp": [
      "2025-11-07 03:52:13",
      "2025-11-07 03:52:31"
    ],
    "deviation_score": 0.8712627887131825
  },
  {
    "era": "era1",
    "norad_id": 24,
    "equatorial_phase": [
      99.91266271188258,
      99.9642857356267
    ],
    "timestamp": [
      "2025-11-07 04:09:47",
      "2025-11-07 04:10:00"
    ],
    "deviation_score": 0.9031495606029681
  },
  {
    "era": "era1",
    "norad_id": 24,
    "equatorial_phase": [
      111.84732812787962,
      111.89935253066008
    ],
    "timestamp": [
      "2025-11-07 04:57:24",
      "2025-11-07 04:57:36"
    ],
    "deviation_score": 0.9438934850769092
  },
  {
    "era": "era1",
    "norad_id": 24,
    "equatorial_phase": [
      114.5691278605482,
      114.6985527314885
    ],
    "timestamp": [
      "2025-11-07 05:08:15",
      "2025-11-07 05:08:46"
    ],
    "deviation_score": 0.9271178693634365
  },
  {
    "era": "era1",
    "norad_id": 24,
    "equatorial_phase": [
      114.75027543406722,
      114.80212734240033
    ],
    "timestamp": [
      "2025-11-07 05:08:58",
      "2025-11-07 05:09:11"
    ],
    "deviation_score": 0.9360340195178146
  },
  {
    "era": "era1",
    "norad_id": 26,
    "equatorial_phase": [
      47.78159443376322,
      52.36739789410488
    ],
    "timestamp": [
      "2025-11-07 03:52:51",
      "2025-11-07 04:11:18"
    ],
    "deviation_score": 0.8532734198964076
  },
  {
    "era": "era1",
    "norad_id": 26,
    "equatorial_phase": [
      52.5635082127646,
      52.63679373393983
    ],
    "timestamp": [
      "2025-11-07 04:12:05",
      "2025-11-07 04:12:23"
    ],
    "deviation_score": 0.7995933667664907
  },
  {
    "era": "era1",
    "norad_id": 26,
    "equatorial_phase": [
      58.19220492629185,
      58.48590079861673
    ],
    "timestamp": [
      "2025-11-07 04:34:43",
      "2025-11-07 04:35:54"
    ],
    "deviation_score": 0.9203367642624275
  },
  {
    "era": "era1",
    "norad_id": 26,
    "equatorial_phase": [
      58.53484320354705,
      59.8824787925583
    ],
    "timestamp": [
      "2025-11-07 04:36:05",
      "2025-11-07 04:41:31"
    ],
    "deviation_score": 0.9506190766583684
  },
  {
    "era": "era1",
    "norad_id": 26,
    "equatorial_phase": [
      65.57073859728969,
      65.64423650244272
    ],
    "timestamp": [
      "2025-11-07 05:04:23",
      "2025-11-07 05:04:41"
    ],
    "deviation_score": 0.8170148707330556
  },
  {
    "era": "era1",
    "norad_id": 26,
    "equatorial_phase": [
      65.69341610550035,
      65.74254901612838
    ],
    "timestamp": [
      "2025-11-07 05:04:52",
      "2025-11-07 05:05:04"
    ],
    "deviation_score": 0.8771213675214278
  },
  {
    "era": "era1",
    "norad_id": 26,
    "equatorial_phase": [
      65.79156184796047,
      65.86544132290798
    ],
    "timestamp": [
      "2025-11-07 05:05:16",
      "2025-11-07 05:05:34"
    ],
    "deviation_score": 0.8622819902116923
  },
  {
    "era": "era1",
    "norad_id": 26,
    "equatorial_phase": [
      65.91463559943396,
      65.96367777979955
    ],
    "timestamp": [
      "2025-11-07 05:05:46",
      "2025-11-07 05:05:58"
    ],
    "deviation_score": 0.865643830592192
  },
  {
    "era": "era1",
    "norad_id": 26,
    "equatorial_phase": [
      70.86898022701479,
      71.2850279470659
    ],
    "timestamp": [
      "2025-11-07 05:25:41",
      "2025-11-07 05:27:21"
    ],
    "deviation_score": 0.8961465151789152
  },
  {
    "era": "era1",
    "norad_id": 26,
    "equatorial_phase": [
      74.20184944045843,
      75.08339034589706
    ],
    "timestamp": [
      "2025-11-07 05:39:05",
      "2025-11-07 05:42:38"
    ],
    "deviation_score": 0.9695041714455653
  },
  {
    "era": "era2",
    "norad_id": 0,
    "equatorial_phase": [
      58.23114972819993,
      59.51679807867853
    ],
    "timestamp": [
      "2025-11-04 23:24:48",
      "2025-11-04 23:29:57"
    ],
    "deviation_score": 0.9469619113628631
  },
  {
    "era": "era2",
    "norad_id": 3,
    "equatorial_phase": [
      91.42925575099436,
      92.31682936349932
    ],
    "timestamp": [
      "2025-11-04 20:23:02",
      "2025-11-04 20:26:35"
    ],
    "deviation_score": 1.0
  },
  {
    "era": "era2",
    "norad_id": 4,
    "equatorial_phase": [
      80.6705857141998,
      80.71707822221178
    ],
    "timestamp": [
      "2025-11-05 00:57:04",
      "2025-11-05 00:57:16"
    ],
    "deviation_score": 0.9573880469581664
  },
  {
    "era": "era2",
    "norad_id": 4,
    "equatorial_phase": [
      94.445629055987,
      94.60914414859676
    ],
    "timestamp": [
      "2025-11-05 01:52:10",
      "2025-11-05 01:52:50"
    ],
    "deviation_score": 0.923110480053758
  },
  {
    "era": "era2",
    "norad_id": 4,
    "equatorial_phase": [
      99.3929313428501,
      100.0068035859626
    ],
    "timestamp": [
      "2025-11-05 02:11:58",
      "2025-11-05 02:14:25"
    ],
    "deviation_score": 0.9746055019696562
  },
  {
    "era": "era2",
    "norad_id": 4,
    "equatorial_phase": [
      100.08840037461306,
      100.92179016756914
    ],
    "timestamp": [
      "2025-11-05 02:14:45",
      "2025-11-05 02:18:05"
    ],
    "deviation_score": 0.8986768501407091
  },
  {
    "era": "era2",
    "norad_id": 7,
    "equatorial_phase": [
      39.16809212403877,
      39.37252562744519
    ],
    "timestamp": [
      "2025-11-04 21:54:52",
      "2025-11-04 21:55:41"
    ],
    "deviation_score": 0.9651740396806594
  },
  {
    "era": "era2",
    "norad_id": 7,
    "equatorial_phase": [
      60.5156511079962,
      60.720224118047184
    ],
    "timestamp": [
      "2025-11-04 23:20:17",
      "2025-11-04 23:21:06"
    ],
    "deviation_score": 0.8807305202549499
  },
  {
    "era": "era2",
    "norad_id": 7,
    "equatorial_phase": [
      62.43752884907666,
      62.56006324184956
    ],
    "timestamp": [
      "2025-11-04 23:27:59",
      "2025-11-04 23:28:28"
    ],
    "deviation_score": 0.8935207725089147
  },
  {
    "era": "era2",
    "norad_id": 7,
    "equatorial_phase": [
      62.64182886577573,
      63.41855486858844
    ],
    "timestamp": [
      "2025-11-04 23:28:48",
      "2025-11-04 23:31:54"
    ],
    "deviation_score": 0.9317332867461884
  },
  {
    "era": "era2",
    "norad_id": 7,
    "equatorial_phase": [
      75.4460952023519,
      75.49399514088267
    ],
    "timestamp": [
      "2025-11-05 00:20:01",
      "2025-11-05 00:20:13"
    ],
    "deviation_score": 0.8801591280708373
  },
  {
    "era": "era2",
    "norad_id": 7,
    "equatorial_phase": [
      84.06482611474162,
      87.8680921308615
    ],
    "timestamp": [
      "2025-11-05 00:54:30",
      "2025-11-05 01:09:43"
    ],
    "deviation_score": 0.9999987390611585
  },
  {
    "era": "era2",
    "norad_id": 8,
    "equatorial_phase": [
      58.19683986424271,
      58.97553134192624
    ],
    "timestamp": [
      "2025-11-04 20:23:12",
      "2025-11-04 20:26:19"
    ],
    "deviation_score": 0.9194541301066467
  },
  {
    "era": "era2",
    "norad_id": 8,
    "equatorial_phase": [
      63.23641539263051,
      63.3148559071864
    ],
    "timestamp": [
      "2025-11-04 20:43:26",
      "2025-11-04 20:43:44"
    ],
    "deviation_score": 0.8599488316882742
  },
  {
    "era": "era2",
    "norad_id": 8,
    "equatorial_phase": [
      63.94086754196689,
      64.07152253464825
    ],
    "timestamp": [
      "2025-11-04 20:46:15",
      "2025-11-04 20:46:47"
    ],
    "deviation_score": 0.9366583897860893
  },
  {
    "era": "era2",
    "norad_id": 15,
    "equatorial_phase": [
      22.705180634485785,
      41.1037647325654
    ],
    "timestamp": [
      "2025-11-04 20:39:08",
      "2025-11-04 21:52:45"
    ],
    "deviation_score": 0.9007922106100594
  },
  {
    "era": "era2",
    "norad_id": 16,
    "equatorial_phase": [
      -44.47615086182984,
      -44.34885551799238
    ],
    "timestamp": [
      "2025-11-04 22:18:25",
      "2025-11-04 22:18:56"
    ],
    "deviation_score": 0.9166990969381916
  },
  {
    "era": "era2",
    "norad_id": 16,
    "equatorial_phase": [
      -44.19597358074662,
      -44.09413016650672
    ],
    "timestamp": [
      "2025-11-04 22:19:33",
      "2025-11-04 22:19:57"
    ],
    "deviation_score": 0.8913484190218167
  },
  {
    "era": "era2",
    "norad_id": 16,
    "equatorial_phase": [
      -5.482917236400576,
      -5.024494611085056
    ],
    "timestamp": [
      "2025-11-05 00:56:18",
      "2025-11-05 00:58:09"
    ],
    "deviation_score": 0.8535837869751937
  },
  {
    "era": "era2",
    "norad_id": 16,
    "equatorial_phase": [
      5.59266225638576,
      9.388108235093556
    ],
    "timestamp": [
      "2025-11-05 01:41:09",
      "2025-11-05 01:56:31"
    ],
    "deviation_score": 0.8923414616054547
  },
  {
    "era": "era2",
    "norad_id": 21,
    "equatorial_phase": [
      52.73800144442585,
      52.79254304607189
    ],
    "timestamp": [
      "2025-11-04 23:25:13",
      "2025-11-04 23:25:26"
    ],
    "deviation_score": 0.8348966481071105
  },
  {
    "era": "era2",
    "norad_id": 21,
    "equatorial_phase": [
      52.90147890095545,
      53.0380861292632
    ],
    "timestamp": [
      "2025-11-04 23:25:52",
      "2025-11-04 23:26:25"
    ],
    "deviation_score": 0.9347868765403679
  },
  {
    "era": "era2",
    "norad_id": 24,
    "equatorial_phase": [
      34.83621624407275,
      36.29481904291664
    ],
    "timestamp": [
      "2025-11-04 23:55:41",
      "2025-11-05 00:01:31"
    ],
    "deviation_score": 0.9896153722253537
  },
  {
    "era": "era2",
    "norad_id": 24,
    "equatorial_phase": [
      45.04551383403899,
      45.09725807871727
    ],
    "timestamp": [
      "2025-11-05 00:36:29",
      "2025-11-05 00:36:42"
    ],
    "deviation_score": 0.9998820499978643
  },
  {
    "era": "era2",
    "norad_id": 24,
    "equatorial_phase": [
      47.78368145326724,
      49.67004461427527
    ],
    "timestamp": [
      "2025-11-05 00:47:26",
      "2025-11-05 00:54:59"
    ],
    "deviation_score": 0.9999838099520306
  },
  {
    "era": "era2",
    "norad_id": 24,
    "equatorial_phase": [
      54.78282615609452,
      55.22178791746929
    ],
    "timestamp": [
      "2025-11-05 01:15:25",
      "2025-11-05 01:17:10"
    ],
    "deviation_score": 0.9220958922011546
  },
  {
    "era": "era2",
    "norad_id": 25,
    "equatorial_phase": [
      30.138711395665787,
      30.47463991039458
    ],
    "timestamp": [
      "2025-11-04 22:15:44",
      "2025-11-04 22:17:05"
    ],
    "deviation_score": 0.9108000671059683
  },
  {
    "era": "era2",
    "norad_id": 25,
    "equatorial_phase": [
      72.0922084593403,
      72.21453088702876
    ],
    "timestamp": [
      "2025-11-05 01:03:41",
      "2025-11-05 01:04:10"
    ],
    "deviation_score": 0.9849189475359471
  },
  {
    "era": "era2",
    "norad_id": 26,
    "equatorial_phase": [
      -60.10530120620121,
      -60.00943514607633
    ],
    "timestamp": [
      "2025-11-04 20:25:19",
      "2025-11-04 20:25:42"
    ],
    "deviation_score": 0.92023090313429
  },
  {
    "era": "era2",
    "norad_id": 26,
    "equatorial_phase": [
      -56.351783881475065,
      -55.45581631118267
    ],
    "timestamp": [
      "2025-11-04 20:40:24",
      "2025-11-04 20:44:00"
    ],
    "deviation_score": 0.8779030870976361
  },
  {
    "era": "era2",
    "norad_id": 26,
    "equatorial_phase": [
      -24.09988043662243,
      -22.21154336030502
    ],
    "timestamp": [
      "2025-11-04 22:50:01",
      "2025-11-04 22:57:36"
    ],
    "deviation_score": 0.9517737842609317
  },
  {
    "era": "era2",
    "norad_id": 26,
    "equatorial_phase": [
      -9.01747192773619,
      -8.917240950396641
    ],
    "timestamp": [
      "2025-11-04 23:50:38",
      "2025-11-04 23:51:02"
    ],
    "deviation_score": 0.8361782202220827
  },
  {
    "era": "era2",
    "norad_id": 26,
    "equatorial_phase": [
      -8.651697134657715,
      5.599745174211573
    ],
    "timestamp": [
      "2025-11-04 23:52:06",
      "2025-11-05 00:49:23"
    ],
    "deviation_score": 0.8276390350915472
  },
  {
    "era": "era2",
    "norad_id": 30,
    "equatorial_phase": [
      10.97758840345643,
      11.100105185919013
    ],
    "timestamp": [
      "2025-11-04 20:30:08",
      "2025-11-04 20:30:38"
    ],
    "deviation_score": 0.844502749255561
  },
  {
    "era": "era2",
    "norad_id": 30,
    "equatorial_phase": [
      27.116019940034388,
      27.16169931870555
    ],
    "timestamp": [
      "2025-11-04 21:34:44",
      "2025-11-04 21:34:55"
    ],
    "deviation_score": 0.8570444851155699
  },
  {
    "era": "era2",
    "norad_id": 30,
    "equatorial_phase": [
      73.35420458709191,
      73.44591938325372
    ],
    "timestamp": [
      "2025-11-05 00:39:48",
      "2025-11-05 00:40:10"
    ],
    "deviation_score": 0.9188651884824083
  },
  {
    "era": "era2",
    "norad_id": 30,
    "equatorial_phase": [
      73.51465784714404,
      77.49727397789827
    ],
    "timestamp": [
      "2025-11-05 00:40:27",
      "2025-11-05 00:56:23"
    ],
    "deviation_score": 0.9443323685745558
  },
  {
    "era": "era2",
    "norad_id": 30,
    "equatorial_phase": [
      77.77894500874181,
      82.64037829547671
    ],
    "timestamp": [
      "2025-11-05 00:57:30",
      "2025-11-05 01:16:57"
    ],
    "deviation_score": 0.9989379346474657
  },
  {
    "era": "era2",
    "norad_id": 31,
    "equatorial_phase": [
      65.94155813616972,
      66.05324103677309
    ],
    "timestamp": [
      "2025-11-04 23:57:51",
      "2025-11-04 23:58:18"
    ],
    "deviation_score": 0.9043428838352331
  },
  {
    "era": "era2",
    "norad_id": 31,
    "equatorial_phase": [
      84.221422482299,
      84.26771689701661
    ],
    "timestamp": [
      "2025-11-05 01:10:59",
      "2025-11-05 01:11:10"
    ],
    "deviation_score": 0.876680432235703
  },
  {
    "era": "era2",
    "norad_id": 31,
    "equatorial_phase": [
      85.86821414222295,
      85.96384651905544
    ],
    "timestamp": [
      "2025-11-05 01:17:34",
      "2025-11-05 01:17:57"
    ],
    "deviation_score": 0.9176132815553759
  },
  {
    "era": "era3",
    "norad_id": 1,
    "equatorial_phase": [
      -65.44633250881171,
      -65.0221757491454
    ],
    "timestamp": [
      "2025-10-15 12:24:50",
      "2025-10-15 12:26:31"
    ],
    "deviation_score": 0.8206097730668116
  },
  {
    "era": "era3",
    "norad_id": 1,
    "equatorial_phase": [
      -54.67276951809887,
      -53.74885828039167
    ],
    "timestamp": [
      "2025-10-15 13:07:51",
      "2025-10-15 13:11:32"
    ],
    "deviation_score": 0.9479667052486732
  },
  {
    "era": "era3",
    "norad_id": 1,
    "equatorial_phase": [
      -40.63277751542342,
      -39.52364703479861
    ],
    "timestamp": [
      "2025-10-15 14:03:53",
      "2025-10-15 14:08:19"
    ],
    "deviation_score": 0.8747586119808153
  },
  {
    "era": "era3",
    "norad_id": 1,
    "equatorial_phase": [
      -39.36148781179582,
      -39.22652611256992
    ],
    "timestamp": [
      "2025-10-15 14:08:58",
      "2025-10-15 14:09:30"
    ],
    "deviation_score": 0.8800543302436068
  },
  {
    "era": "era3",
    "norad_id": 3,
    "equatorial_phase": [
      7.144853151271781,
      7.328855331392902
    ],
    "timestamp": [
      "2025-10-15 14:48:07",
      "2025-10-15 14:48:52"
    ],
    "deviation_score": 0.984117562530652
  },
  {
    "era": "era3",
    "norad_id": 5,
    "equatorial_phase": [
      -84.36290697584255,
      -83.55657683887459
    ],
    "timestamp": [
      "2025-10-15 11:49:28",
      "2025-10-15 11:52:42"
    ],
    "deviation_score": 0.9216583610750775
  },
  {
    "era": "era3",
    "norad_id": 5,
    "equatorial_phase": [
      -81.29121723500654,
      -81.21824889725791
    ],
    "timestamp": [
      "2025-10-15 12:01:45",
      "2025-10-15 12:02:02"
    ],
    "deviation_score": 0.8117599273952781
  },
  {
    "era": "era3",
    "norad_id": 5,
    "equatorial_phase": [
      -79.54372267277215,
      -76.70578895045304
    ],
    "timestamp": [
      "2025-10-15 12:08:44",
      "2025-10-15 12:20:05"
    ],
    "deviation_score": 0.9179233251577473
  },
  {
    "era": "era3",
    "norad_id": 5,
    "equatorial_phase": [
      -76.46552705806184,
      -76.3865711895012
    ],
    "timestamp": [
      "2025-10-15 12:21:02",
      "2025-10-15 12:21:21"
    ],
    "deviation_score": 0.8715602953527684
  },
  {
    "era": "era3",
    "norad_id": 5,
    "equatorial_phase": [
      -76.2012633635095,
      -76.12193240379096
    ],
    "timestamp": [
      "2025-10-15 12:22:06",
      "2025-10-15 12:22:25"
    ],
    "deviation_score": 0.8075187000726054
  },
  {
    "era": "era3",
    "norad_id": 5,
    "equatorial_phase": [
      -72.42305657872696,
      -72.19937572913771
    ],
    "timestamp": [
      "2025-10-15 12:37:12",
      "2025-10-15 12:38:05"
    ],
    "deviation_score": 0.8664530570886239
  },
  {
    "era": "era3",
    "norad_id": 5,
    "equatorial_phase": [
      -69.31881222157317,
      -69.05986400153344
    ],
    "timestamp": [
      "2025-10-15 12:49:36",
      "2025-10-15 12:50:38"
    ],
    "deviation_score": 0.9178860926361476
  },
  {
    "era": "era3",
    "norad_id": 5,
    "equatorial_phase": [
      -68.97485115141649,
      -68.5519157876335
    ],
    "timestamp": [
      "2025-10-15 12:50:59",
      "2025-10-15 12:52:40"
    ],
    "deviation_score": 0.9111824371480426
  },
  {
    "era": "era3",
    "norad_id": 5,
    "equatorial_phase": [
      -66.8151644123677,
      -66.7409090327922
    ],
    "timestamp": [
      "2025-10-15 12:59:37",
      "2025-10-15 12:59:54"
    ],
    "deviation_score": 0.8233410336930488
  },
  {
    "era": "era3",
    "norad_id": 5,
    "equatorial_phase": [
      -64.9907783112247,
      -64.863889495036
    ],
    "timestamp": [
      "2025-10-15 13:06:54",
      "2025-10-15 13:07:24"
    ],
    "deviation_score": 0.9258983105501849
  },
  {
    "era": "era3",
    "norad_id": 5,
    "equatorial_phase": [
      -64.65022558668436,
      -61.594025365306855
    ],
    "timestamp": [
      "2025-10-15 13:08:16",
      "2025-10-15 13:20:29"
    ],
    "deviation_score": 0.9064295390622853
  },
  {
    "era": "era3",
    "norad_id": 5,
    "equatorial_phase": [
      -61.46461918136715,
      -61.33797503567739
    ],
    "timestamp": [
      "2025-10-15 13:21:00",
      "2025-10-15 13:21:30"
    ],
    "deviation_score": 0.879171625462162
  },
  {
    "era": "era3",
    "norad_id": 5,
    "equatorial_phase": [
      -61.04315943822926,
      -60.91494664931939
    ],
    "timestamp": [
      "2025-10-15 13:22:41",
      "2025-10-15 13:23:12"
    ],
    "deviation_score": 0.8671531148593483
  },
  {
    "era": "era3",
    "norad_id": 5,
    "equatorial_phase": [
      -59.51313147776919,
      -59.09069837255786
    ],
    "timestamp": [
      "2025-10-15 13:28:48",
      "2025-10-15 13:30:29"
    ],
    "deviation_score": 0.8715540526271041
  },
  {
    "era": "era3",
    "norad_id": 5,
    "equatorial_phase": [
      -58.96376434334172,
      -58.73451089599954
    ],
    "timestamp": [
      "2025-10-15 13:30:59",
      "2025-10-15 13:31:54"
    ],
    "deviation_score": 0.8419625173501519
  },
  {
    "era": "era3",
    "norad_id": 5,
    "equatorial_phase": [
      -58.685214689770014,
      -58.5612924608847
    ],
    "timestamp": [
      "2025-10-15 13:32:06",
      "2025-10-15 13:32:36"
    ],
    "deviation_score": 0.8604382374839995
  },
  {
    "era": "era3",
    "norad_id": 5,
    "equatorial_phase": [
      -58.48621015693386,
      -58.38744608865143
    ],
    "timestamp": [
      "2025-10-15 13:32:54",
      "2025-10-15 13:33:18"
    ],
    "deviation_score": 0.8281691322018654
  },
  {
    "era": "era3",
    "norad_id": 5,
    "equatorial_phase": [
      -54.04371940444776,
      -53.98068748179922
    ],
    "timestamp": [
      "2025-10-15 13:50:39",
      "2025-10-15 13:50:55"
    ],
    "deviation_score": 0.9288827900602766
  },
  {
    "era": "era3",
    "norad_id": 5,
    "equatorial_phase": [
      -53.86491697452217,
      -53.72797220721572
    ],
    "timestamp": [
      "2025-10-15 13:51:22",
      "2025-10-15 13:51:55"
    ],
    "deviation_score": 0.8685142973189919
  },
  {
    "era": "era3",
    "norad_id": 7,
    "equatorial_phase": [
      -91.59293820995217,
      -91.3973775201016
    ],
    "timestamp": [
      "2025-10-15 13:13:46",
      "2025-10-15 13:14:32"
    ],
    "deviation_score": 0.9294009478901171
  },
  {
    "era": "era3",
    "norad_id": 8,
    "equatorial_phase": [
      21.98278524781834,
      22.025952850881488
    ],
    "timestamp": [
      "2025-10-15 17:10:40",
      "2025-10-15 17:10:51"
    ],
    "deviation_score": 0.8086805095652179
  },
  {
    "era": "era3",
    "norad_id": 11,
    "equatorial_phase": [
      -20.56727449950642,
      -20.53011983645263
    ],
    "timestamp": [
      "2025-10-15 15:50:44",
      "2025-10-15 15:50:54"
    ],
    "deviation_score": 0.8223403539517887
  },
  {
    "era": "era3",
    "norad_id": 11,
    "equatorial_phase": [
      -20.437191578119336,
      -20.195654692892436
    ],
    "timestamp": [
      "2025-10-15 15:51:19",
      "2025-10-15 15:52:22"
    ],
    "deviation_score": 0.846104062746108
  },
  {
    "era": "era3",
    "norad_id": 11,
    "equatorial_phase": [
      -10.446872166549126,
      -10.154932909464604
    ],
    "timestamp": [
      "2025-10-15 16:35:49",
      "2025-10-15 16:37:08"
    ],
    "deviation_score": 0.8417321457064229
  },
  {
    "era": "era3",
    "norad_id": 12,
    "equatorial_phase": [
      -83.8884511014405,
      -83.8489007889831
    ],
    "timestamp": [
      "2025-10-15 13:02:44",
      "2025-10-15 13:03:02"
    ],
    "deviation_score": 0.9083998251236116
  },
  {
    "era": "era3",
    "norad_id": 14,
    "equatorial_phase": [
      12.3903813341482,
      15.940560605411768
    ],
    "timestamp": [
      "2025-10-15 13:35:49",
      "2025-10-15 13:50:01"
    ],
    "deviation_score": 0.9222620070969093
  },
  {
    "era": "era3",
    "norad_id": 14,
    "equatorial_phase": [
      51.336394243401,
      51.423132275691
    ],
    "timestamp": [
      "2025-10-15 16:11:38",
      "2025-10-15 16:11:59"
    ],
    "deviation_score": 0.9736932097127895
  },
  {
    "era": "era3",
    "norad_id": 14,
    "equatorial_phase": [
      54.910803770418624,
      55.048864181464914
    ],
    "timestamp": [
      "2025-10-15 16:25:56",
      "2025-10-15 16:26:29"
    ],
    "deviation_score": 0.9793055092068068
  },
  {
    "era": "era3",
    "norad_id": 14,
    "equatorial_phase": [
      65.7389122235484,
      65.87141255319747
    ],
    "timestamp": [
      "2025-10-15 17:09:16",
      "2025-10-15 17:09:48"
    ],
    "deviation_score": 0.8877343308802851
  },
  {
    "era": "era3",
    "norad_id": 14,
    "equatorial_phase": [
      65.9513983435517,
      66.03094574168567
    ],
    "timestamp": [
      "2025-10-15 17:10:07",
      "2025-10-15 17:10:26"
    ],
    "deviation_score": 0.8543547526791924
  },
  {
    "era": "era3",
    "norad_id": 15,
    "equatorial_phase": [
      -94.16135046869545,
      -93.73629244036064
    ],
    "timestamp": [
      "2025-10-15 12:53:38",
      "2025-10-15 12:55:20"
    ],
    "deviation_score": 0.8323291556327759
  },
  {
    "era": "era3",
    "norad_id": 17,
    "equatorial_phase": [
      -9.267424796116725,
      -9.22651934554617
    ],
    "timestamp": [
      "2025-10-15 15:10:56",
      "2025-10-15 15:11:06"
    ],
    "deviation_score": 0.8217824394829838
  },
  {
    "era": "era3",
    "norad_id": 17,
    "equatorial_phase": [
      7.259050692007289,
      8.770345300870357
    ],
    "timestamp": [
      "2025-10-15 16:16:52",
      "2025-10-15 16:22:54"
    ],
    "deviation_score": 0.9705935527757653
  },
  {
    "era": "era3",
    "norad_id": 17,
    "equatorial_phase": [
      9.414200067467227,
      16.63831984222307
    ],
    "timestamp": [
      "2025-10-15 16:25:29",
      "2025-10-15 16:54:19"
    ],
    "deviation_score": 0.9412359078626005
  },
  {
    "era": "era3",
    "norad_id": 17,
    "equatorial_phase": [
      18.55875333461769,
      19.67942008542928
    ],
    "timestamp": [
      "2025-10-15 17:01:59",
      "2025-10-15 17:06:28"
    ],
    "deviation_score": 0.9943212264009533
  },
  {
    "era": "era3",
    "norad_id": 17,
    "equatorial_phase": [
      19.76507729716216,
      19.9792057843392
    ],
    "timestamp": [
      "2025-10-15 17:06:49",
      "2025-10-15 17:07:40"
    ],
    "deviation_score": 0.8689119739863701
  },
  {
    "era": "era3",
    "norad_id": 18,
    "equatorial_phase": [
      30.146651657210707,
      30.343610586019675
    ],
    "timestamp": [
      "2025-10-15 14:12:52",
      "2025-10-15 14:13:39"
    ],
    "deviation_score": 0.8314813534866758
  },
  {
    "era": "era3",
    "norad_id": 18,
    "equatorial_phase": [
      59.67824300883523,
      59.95418079714102
    ],
    "timestamp": [
      "2025-10-15 16:11:08",
      "2025-10-15 16:12:14"
    ],
    "deviation_score": 0.999991018008423
  },
  {
    "era": "era3",
    "norad_id": 18,
    "equatorial_phase": [
      60.149498069309445,
      60.344853098115486
    ],
    "timestamp": [
      "2025-10-15 16:13:01",
      "2025-10-15 16:13:48"
    ],
    "deviation_score": 0.9962739530860524
  },
  {
    "era": "era3",
    "norad_id": 18,
    "equatorial_phase": [
      60.39983458762667,
      64.98330349181172
    ],
    "timestamp": [
      "2025-10-15 16:14:01",
      "2025-10-15 16:32:23"
    ],
    "deviation_score": 0.9964552038840196
  },
  {
    "era": "era3",
    "norad_id": 18,
    "equatorial_phase": [
      75.66485912454567,
      75.7982266857649
    ],
    "timestamp": [
      "2025-10-15 17:15:09",
      "2025-10-15 17:15:41"
    ],
    "deviation_score": 0.9473629031795483
  },
  {
    "era": "era3",
    "norad_id": 19,
    "equatorial_phase": [
      -48.26702929456856,
      -48.19367159230252
    ],
    "timestamp": [
      "2025-10-15 11:56:17",
      "2025-10-15 11:56:35"
    ],
    "deviation_score": 0.8223245449182669
  },
  {
    "era": "era3",
    "norad_id": 19,
    "equatorial_phase": [
      -47.29133043983802,
      -47.24199924326969
    ],
    "timestamp": [
      "2025-10-15 12:00:11",
      "2025-10-15 12:00:23"
    ],
    "deviation_score": 0.832958710252568
  },
  {
    "era": "era3",
    "norad_id": 19,
    "equatorial_phase": [
      -47.16990272298083,
      -47.121802859156745
    ],
    "timestamp": [
      "2025-10-15 12:00:40",
      "2025-10-15 12:00:52"
    ],
    "deviation_score": 0.8124758574369113
  },
  {
    "era": "era3",
    "norad_id": 19,
    "equatorial_phase": [
      -42.38004359119224,
      -42.256889150251546
    ],
    "timestamp": [
      "2025-10-15 12:19:50",
      "2025-10-15 12:20:19"
    ],
    "deviation_score": 0.8468690820862594
  },
  {
    "era": "era3",
    "norad_id": 19,
    "equatorial_phase": [
      -42.13693392595202,
      -42.0881241326052
    ],
    "timestamp": [
      "2025-10-15 12:20:48",
      "2025-10-15 12:21:00"
    ],
    "deviation_score": 0.8890374182175991
  },
  {
    "era": "era3",
    "norad_id": 19,
    "equatorial_phase": [
      -41.40584595906121,
      -41.357747473994806
    ],
    "timestamp": [
      "2025-10-15 12:23:43",
      "2025-10-15 12:23:55"
    ],
    "deviation_score": 0.96287407854924
  },
  {
    "era": "era3",
    "norad_id": 19,
    "equatorial_phase": [
      -35.16519214394765,
      -35.02052821211115
    ],
    "timestamp": [
      "2025-10-15 12:48:43",
      "2025-10-15 12:49:17"
    ],
    "deviation_score": 0.8608773546618524
  },
  {
    "era": "era3",
    "norad_id": 19,
    "equatorial_phase": [
      -34.48472533185722,
      -33.30581282551347
    ],
    "timestamp": [
      "2025-10-15 12:51:26",
      "2025-10-15 12:56:10"
    ],
    "deviation_score": 0.9291643880511309
  },
  {
    "era": "era3",
    "norad_id": 19,
    "equatorial_phase": [
      -29.23467436908899,
      -28.941135851302853
    ],
    "timestamp": [
      "2025-10-15 13:12:29",
      "2025-10-15 13:13:40"
    ],
    "deviation_score": 0.8601403749127481
  },
  {
    "era": "era3",
    "norad_id": 19,
    "equatorial_phase": [
      -28.891693318768866,
      -28.7191389467151
    ],
    "timestamp": [
      "2025-10-15 13:13:52",
      "2025-10-15 13:14:33"
    ],
    "deviation_score": 0.8602599208105217
  },
  {
    "era": "era3",
    "norad_id": 19,
    "equatorial_phase": [
      -28.59807551635639,
      -28.526286139825352
    ],
    "timestamp": [
      "2025-10-15 13:15:03",
      "2025-10-15 13:15:20"
    ],
    "deviation_score": 0.8476491120307155
  },
  {
    "era": "era3",
    "norad_id": 19,
    "equatorial_phase": [
      -28.179583269482528,
      -28.13122566326409
    ],
    "timestamp": [
      "2025-10-15 13:16:43",
      "2025-10-15 13:16:55"
    ],
    "deviation_score": 0.7987451722997247
  },
  {
    "era": "era3",
    "norad_id": 19,
    "equatorial_phase": [
      -27.767241972468447,
      -27.719315448910223
    ],
    "timestamp": [
      "2025-10-15 13:18:23",
      "2025-10-15 13:18:34"
    ],
    "deviation_score": 0.8045296093592649
  },
  {
    "era": "era3",
    "norad_id": 19,
    "equatorial_phase": [
      -26.63015717804196,
      -26.581813300750493
    ],
    "timestamp": [
      "2025-10-15 13:22:56",
      "2025-10-15 13:23:08"
    ],
    "deviation_score": 0.8283756182666047
  },
  {
    "era": "era3",
    "norad_id": 19,
    "equatorial_phase": [
      -14.99422652689304,
      -14.945411157825138
    ],
    "timestamp": [
      "2025-10-15 14:09:43",
      "2025-10-15 14:09:55"
    ],
    "deviation_score": 0.7888128481391249
  },
  {
    "era": "era3",
    "norad_id": 19,
    "equatorial_phase": [
      10.157397687731088,
      10.237312878850878
    ],
    "timestamp": [
      "2025-10-15 15:51:15",
      "2025-10-15 15:51:35"
    ],
    "deviation_score": 0.863686713998819
  },
  {
    "era": "era3",
    "norad_id": 19,
    "equatorial_phase": [
      10.290620017206162,
      10.450559837376936
    ],
    "timestamp": [
      "2025-10-15 15:51:48",
      "2025-10-15 15:52:27"
    ],
    "deviation_score": 0.8619481485803024
  },
  {
    "era": "era3",
    "norad_id": 19,
    "equatorial_phase": [
      10.503963189694952,
      10.743501160802335
    ],
    "timestamp": [
      "2025-10-15 15:52:40",
      "2025-10-15 15:53:38"
    ],
    "deviation_score": 0.8279610174060301
  },
  {
    "era": "era3",
    "norad_id": 19,
    "equatorial_phase": [
      17.262237786040245,
      17.317531989525364
    ],
    "timestamp": [
      "2025-10-15 16:20:02",
      "2025-10-15 16:20:15"
    ],
    "deviation_score": 0.9840915333931259
  },
  {
    "era": "era3",
    "norad_id": 19,
    "equatorial_phase": [
      17.457669815650345,
      17.541141207484323
    ],
    "timestamp": [
      "2025-10-15 16:20:49",
      "2025-10-15 16:21:09"
    ],
    "deviation_score": 0.9775691046454185
  },
  {
    "era": "era3",
    "norad_id": 19,
    "equatorial_phase": [
      27.33540583398223,
      27.979503472819975
    ],
    "timestamp": [
      "2025-10-15 17:00:52",
      "2025-10-15 17:03:28"
    ],
    "deviation_score": 0.9890218985487849
  },
  {
    "era": "era3",
    "norad_id": 19,
    "equatorial_phase": [
      28.07626323563642,
      28.17286108564284
    ],
    "timestamp": [
      "2025-10-15 17:03:52",
      "2025-10-15 17:04:15"
    ],
    "deviation_score": 0.9242348681557014
  },
  {
    "era": "era3",
    "norad_id": 19,
    "equatorial_phase": [
      29.62838658596177,
      29.748869280088105
    ],
    "timestamp": [
      "2025-10-15 17:10:10",
      "2025-10-15 17:10:39"
    ],
    "deviation_score": 0.8484154858107407
  },
  {
    "era": "era3",
    "norad_id": 19,
    "equatorial_phase": [
      29.840096874833083,
      29.90117033586593
    ],
    "timestamp": [
      "2025-10-15 17:11:01",
      "2025-10-15 17:11:16"
    ],
    "deviation_score": 0.8523151460948931
  },
  {
    "era": "era3",
    "norad_id": 20,
    "equatorial_phase": [
      -8.283556994764657,
      -6.000410478508509
    ],
    "timestamp": [
      "2025-10-15 12:28:40",
      "2025-10-15 12:37:48"
    ],
    "deviation_score": 0.9689889584021139
  },
  {
    "era": "era3",
    "norad_id": 20,
    "equatorial_phase": [
      8.216133861178683,
      8.324357341820285
    ],
    "timestamp": [
      "2025-10-15 13:34:39",
      "2025-10-15 13:35:05"
    ],
    "deviation_score": 0.8454864870081457
  },
  {
    "era": "era3",
    "norad_id": 20,
    "equatorial_phase": [
      14.565962021341091,
      14.977119809298268
    ],
    "timestamp": [
      "2025-10-15 14:00:03",
      "2025-10-15 14:01:42"
    ],
    "deviation_score": 0.9781954823778737
  },
  {
    "era": "era3",
    "norad_id": 20,
    "equatorial_phase": [
      17.15496262360996,
      17.299427373454755
    ],
    "timestamp": [
      "2025-10-15 14:10:24",
      "2025-10-15 14:10:59"
    ],
    "deviation_score": 0.8755220242261074
  },
  {
    "era": "era3",
    "norad_id": 20,
    "equatorial_phase": [
      17.605262846400215,
      17.688114187101508
    ],
    "timestamp": [
      "2025-10-15 14:12:12",
      "2025-10-15 14:12:32"
    ],
    "deviation_score": 0.8851246711866912
  },
  {
    "era": "era3",
    "norad_id": 20,
    "equatorial_phase": [
      23.75442332229262,
      24.995890927303865
    ],
    "timestamp": [
      "2025-10-15 14:36:48",
      "2025-10-15 14:41:46"
    ],
    "deviation_score": 0.9756641578476721
  },
  {
    "era": "era3",
    "norad_id": 20,
    "equatorial_phase": [
      25.185137661440947,
      25.293333664745838
    ],
    "timestamp": [
      "2025-10-15 14:42:31",
      "2025-10-15 14:42:57"
    ],
    "deviation_score": 0.8229172592511578
  },
  {
    "era": "era3",
    "norad_id": 20,
    "equatorial_phase": [
      25.428076947535644,
      25.50919962220992
    ],
    "timestamp": [
      "2025-10-15 14:43:30",
      "2025-10-15 14:43:49"
    ],
    "deviation_score": 0.8164948676436953
  },
  {
    "era": "era3",
    "norad_id": 20,
    "equatorial_phase": [
      29.55590700559621,
      29.637058490200364
    ],
    "timestamp": [
      "2025-10-15 15:00:01",
      "2025-10-15 15:00:20"
    ],
    "deviation_score": 0.8551271740547601
  },
  {
    "era": "era3",
    "norad_id": 20,
    "equatorial_phase": [
      44.76660221955334,
      44.82050798506909
    ],
    "timestamp": [
      "2025-10-15 16:00:52",
      "2025-10-15 16:01:05"
    ],
    "deviation_score": 0.8486336804802956
  },
  {
    "era": "era3",
    "norad_id": 22,
    "equatorial_phase": [
      -78.28014115458375,
      -78.1502236608008
    ],
    "timestamp": [
      "2025-10-15 13:19:36",
      "2025-10-15 13:20:07"
    ],
    "deviation_score": 0.8376237989696194
  },
  {
    "era": "era3",
    "norad_id": 22,
    "equatorial_phase": [
      -73.89272875083871,
      -73.78863680231751
    ],
    "timestamp": [
      "2025-10-15 13:37:08",
      "2025-10-15 13:37:33"
    ],
    "deviation_score": 0.8721926581333045
  },
  {
    "era": "era3",
    "norad_id": 22,
    "equatorial_phase": [
      -54.11606330961322,
      -54.06729382200108
    ],
    "timestamp": [
      "2025-10-15 14:56:07",
      "2025-10-15 14:56:18"
    ],
    "deviation_score": 0.8575146078193021
  },
  {
    "era": "era3",
    "norad_id": 27,
    "equatorial_phase": [
      69.77241504456431,
      69.97211615087843
    ],
    "timestamp": [
      "2025-10-15 16:15:36",
      "2025-10-15 16:16:24"
    ],
    "deviation_score": 0.9717444475332014
  },
  {
    "era": "era3",
    "norad_id": 31,
    "equatorial_phase": [
      -109.69195933439345,
      -109.64142369781294
    ],
    "timestamp": [
      "2025-10-15 12:17:35",
      "2025-10-15 12:17:47"
    ],
    "deviation_score": 0.8583250446991333
  },
  {
    "era": "era3",
    "norad_id": 31,
    "equatorial_phase": [
      -109.56839779763182,
      -109.49523035363944
    ],
    "timestamp": [
      "2025-10-15 12:18:04",
      "2025-10-15 12:18:22"
    ],
    "deviation_score": 0.8473599418643976
  }
]