{
    "data": [
      {
        "era_name": "era1",
        "data_path": "***",
        "reference_start": "2025-10-31 03:20:19",
        "reference_end": "2025-11-07 03:20:19",
        "current_start": "2025-11-07 03:20:19",
        "current_end": "2025-11-09 03:20:19"
      },
      {
        "era_name": "era2",
        "data_path": "***",
        "reference_start": "2025-10-28 20:21:50",
        "reference_end": "2025-11-04 20:21:50",
        "current_start": "2025-11-04 20:21:50",
        "current_end": "2025-11-06 20:21:50"
      },
      {
        "era_name": "era3",
        "data_path": "***",
        "reference_start": "2025-10-08 11:15:42",
        "reference_end": "2025-10-15 11:15:42",
        "current_start": "2025-10-15 11:15:42",
        "current_end": "2025-10-17 11:15:42"
      }
    ]
  }
  